{"top1_acc": 0.6707317073170732, "top3_acc": 0.9512195121951219}